,tile
1,Landcover-8379
2,Landcover-8732
3,Landcover-10236
4,Landcover-14249
5,Landcover-14956
6,Landcover-19773
7,Landcover-26017
8,Landcover-26152
9,Landcover-30327
10,Landcover-31042
11,Landcover-31276
12,Landcover-31746
13,Landcover-32416
14,Landcover-35116
15,Landcover-35500
16,Landcover-39717
17,Landcover-41262
18,Landcover-43150
19,Landcover-46368
20,Landcover-50436
21,Landcover-51671
22,Landcover-52148
23,Landcover-53808
24,Landcover-56527
25,Landcover-56939
26,Landcover-62499
27,Landcover-65106
28,Landcover-65382
29,Landcover-69292
30,Landcover-70313
31,Landcover-72474
32,Landcover-76322
33,Landcover-76406
34,Landcover-77643
35,Landcover-78405
36,Landcover-78918
37,Landcover-85604
38,Landcover-87405
39,Landcover-87482
40,Landcover-101558
41,Landcover-103589
42,Landcover-103651
43,Landcover-107993
44,Landcover-109734
45,Landcover-111526
46,Landcover-111570
47,Landcover-113751
48,Landcover-118405
49,Landcover-118968
50,Landcover-126967
51,Landcover-127471
52,Landcover-128758
53,Landcover-129921
54,Landcover-130647
55,Landcover-131319
56,Landcover-135292
57,Landcover-136207
58,Landcover-137181
59,Landcover-138098
60,Landcover-138647
61,Landcover-139312
62,Landcover-141097
63,Landcover-143551
64,Landcover-143843
65,Landcover-144196
66,Landcover-145671
67,Landcover-147767
68,Landcover-150025
69,Landcover-150965
70,Landcover-151915
71,Landcover-152545
72,Landcover-153205
73,Landcover-157534
74,Landcover-158246
75,Landcover-164102
76,Landcover-168741
77,Landcover-177073
78,Landcover-177932
79,Landcover-178265
80,Landcover-178548
81,Landcover-178658
82,Landcover-181823
83,Landcover-193121
84,Landcover-194781
85,Landcover-195713
86,Landcover-201896
87,Landcover-204339
88,Landcover-208906
89,Landcover-208980
90,Landcover-209101
91,Landcover-209395
92,Landcover-213868
93,Landcover-215461
94,Landcover-216379
95,Landcover-217330
96,Landcover-218785
97,Landcover-219801
98,Landcover-220751
99,Landcover-221879
100,Landcover-222743
101,Landcover-222927
102,Landcover-230632
103,Landcover-231288
104,Landcover-233121
105,Landcover-240370
106,Landcover-242250
107,Landcover-242541
108,Landcover-242828
109,Landcover-243237
110,Landcover-243896
111,Landcover-246073
112,Landcover-249224
113,Landcover-249419
114,Landcover-249847
115,Landcover-250084
116,Landcover-251703
117,Landcover-252668
118,Landcover-252903
119,Landcover-253138
120,Landcover-253328
121,Landcover-253871
122,Landcover-254890
123,Landcover-255756
124,Landcover-256879
125,Landcover-257287
126,Landcover-257303
127,Landcover-257604
128,Landcover-258168
129,Landcover-259229
130,Landcover-259613
131,Landcover-260028
132,Landcover-262119
133,Landcover-263127
134,Landcover-263815
135,Landcover-264458
136,Landcover-264608
137,Landcover-264847
138,Landcover-264977
139,Landcover-265444
140,Landcover-265767
141,Landcover-266873
142,Landcover-267714
143,Landcover-267943
144,Landcover-270285
145,Landcover-272822
146,Landcover-273495
147,Landcover-279130
148,Landcover-279236
149,Landcover-280735
150,Landcover-285751
151,Landcover-286756
152,Landcover-287302
153,Landcover-293743
154,Landcover-295090
155,Landcover-302297
156,Landcover-307134
157,Landcover-308173
158,Landcover-308441
159,Landcover-311007
160,Landcover-313560
161,Landcover-315196
162,Landcover-318841
163,Landcover-320219
164,Landcover-322020
165,Landcover-322281
166,Landcover-324595
167,Landcover-329448
168,Landcover-329772
169,Landcover-334044
170,Landcover-336386
171,Landcover-336772
172,Landcover-342036
173,Landcover-347255
174,Landcover-347434
175,Landcover-349915
176,Landcover-350442
177,Landcover-355764
178,Landcover-356633
179,Landcover-357310
180,Landcover-358697
181,Landcover-359715
182,Landcover-359896
183,Landcover-361545
184,Landcover-363569
185,Landcover-365203
186,Landcover-369954
187,Landcover-372357
188,Landcover-374287
189,Landcover-376322
190,Landcover-379840
191,Landcover-384763
192,Landcover-387086
193,Landcover-387497
194,Landcover-391101
195,Landcover-394716
196,Landcover-395980
197,Landcover-396746
198,Landcover-399031
199,Landcover-401132
200,Landcover-403229
201,Landcover-403323
202,Landcover-403718
203,Landcover-406681
204,Landcover-407654
205,Landcover-407661
206,Landcover-407860
207,Landcover-407982
208,Landcover-408113
209,Landcover-408385
210,Landcover-408750
211,Landcover-408909
212,Landcover-410825
213,Landcover-410874
214,Landcover-411103
215,Landcover-415038
216,Landcover-415242
217,Landcover-416256
218,Landcover-417290
219,Landcover-418192
220,Landcover-418264
221,Landcover-419470
222,Landcover-419664
223,Landcover-420163
224,Landcover-420213
225,Landcover-420366
226,Landcover-421719
227,Landcover-423278
228,Landcover-424465
229,Landcover-425222
230,Landcover-426159
231,Landcover-427931
232,Landcover-429529
233,Landcover-431158
234,Landcover-432655
235,Landcover-433623
236,Landcover-434108
237,Landcover-434989
238,Landcover-435607
239,Landcover-435978
240,Landcover-439069
241,Landcover-439214
242,Landcover-440762
243,Landcover-443512
244,Landcover-448500
245,Landcover-451845
246,Landcover-453809
247,Landcover-456429
248,Landcover-457726
249,Landcover-461460
250,Landcover-463162
251,Landcover-464017
252,Landcover-465639
253,Landcover-467351
254,Landcover-467707
255,Landcover-471402
256,Landcover-478665
257,Landcover-480432
258,Landcover-484965
259,Landcover-485204
260,Landcover-485345
261,Landcover-490317
262,Landcover-491912
263,Landcover-492483
264,Landcover-497894
265,Landcover-498713
266,Landcover-500397
267,Landcover-507046
268,Landcover-508376
269,Landcover-509724
270,Landcover-510210
271,Landcover-510797
272,Landcover-518688
273,Landcover-519652
274,Landcover-524154
275,Landcover-526127
276,Landcover-531966
277,Landcover-532565
278,Landcover-533445
279,Landcover-533774
280,Landcover-536622
281,Landcover-539168
282,Landcover-541146
283,Landcover-543304
284,Landcover-544894
285,Landcover-545549
286,Landcover-552630
287,Landcover-552862
288,Landcover-558207
289,Landcover-561361
290,Landcover-564734
291,Landcover-572052
292,Landcover-575669
293,Landcover-575678
294,Landcover-577033
295,Landcover-578968
296,Landcover-579295
297,Landcover-584115
298,Landcover-584734
299,Landcover-588518
300,Landcover-588912
301,Landcover-592294
302,Landcover-593094
303,Landcover-595605
304,Landcover-597826
305,Landcover-599093
306,Landcover-600240
307,Landcover-601227
308,Landcover-602705
309,Landcover-604127
310,Landcover-604673
311,Landcover-604821
312,Landcover-605509
313,Landcover-605578
314,Landcover-606295
315,Landcover-607672
316,Landcover-607741
317,Landcover-609309
318,Landcover-609918
319,Landcover-611000
320,Landcover-611207
321,Landcover-611417
322,Landcover-612967
323,Landcover-613267
324,Landcover-613328
325,Landcover-613467
326,Landcover-614366
327,Landcover-616966
328,Landcover-620852
329,Landcover-622063
330,Landcover-622782
331,Landcover-622801
332,Landcover-625319
333,Landcover-626987
334,Landcover-629165
335,Landcover-632301
336,Landcover-634340
337,Landcover-635262
338,Landcover-636175
339,Landcover-646012
340,Landcover-646516
341,Landcover-653152
342,Landcover-655675
343,Landcover-655687
344,Landcover-655933
345,Landcover-656948
346,Landcover-661654
347,Landcover-662303
348,Landcover-664916
349,Landcover-665772
350,Landcover-667899
351,Landcover-669183
352,Landcover-672550
353,Landcover-673677
354,Landcover-675618
355,Landcover-682065
356,Landcover-682490
357,Landcover-682943
358,Landcover-685907
359,Landcover-689237
360,Landcover-689360
361,Landcover-691825
362,Landcover-692235
363,Landcover-692735
364,Landcover-693691
365,Landcover-696006
366,Landcover-697170
367,Landcover-697241
368,Landcover-710633
369,Landcover-710856
370,Landcover-711297
371,Landcover-714290
372,Landcover-715968
373,Landcover-716014
374,Landcover-717636
375,Landcover-720444
376,Landcover-720673
377,Landcover-721656
378,Landcover-722382
379,Landcover-723520
380,Landcover-724110
381,Landcover-724842
382,Landcover-726068
383,Landcover-726136
384,Landcover-726269
385,Landcover-726318
386,Landcover-726326
387,Landcover-726973
388,Landcover-727236
389,Landcover-728104
390,Landcover-728411
391,Landcover-728605
392,Landcover-729117
393,Landcover-729404
394,Landcover-729469
395,Landcover-730059
396,Landcover-730227
397,Landcover-730846
398,Landcover-730953
399,Landcover-731394
400,Landcover-731898
401,Landcover-732230
402,Landcover-732844
403,Landcover-733193
404,Landcover-737794
405,Landcover-738071
406,Landcover-739646
407,Landcover-739728
408,Landcover-740491
409,Landcover-740603
410,Landcover-740664
411,Landcover-742030
412,Landcover-742331
413,Landcover-743110
414,Landcover-743192
415,Landcover-743346
416,Landcover-743840
417,Landcover-744745
418,Landcover-746405
419,Landcover-750496
420,Landcover-752963
421,Landcover-754143
422,Landcover-755082
423,Landcover-755325
424,Landcover-755976
425,Landcover-757797
426,Landcover-766519
427,Landcover-766638
428,Landcover-767178
429,Landcover-768727
430,Landcover-768728
431,Landcover-768744
432,Landcover-768750
433,Landcover-768751
434,Landcover-768753
435,Landcover-768757
436,Landcover-768762
437,Landcover-768768
438,Landcover-768781
439,Landcover-768793
440,Landcover-768797
441,Landcover-768820
442,Landcover-768822
443,Landcover-768836
444,Landcover-768847
445,Landcover-768855
446,Landcover-768865
447,Landcover-768880
448,Landcover-768882
449,Landcover-768904
450,Landcover-768922
451,Landcover-768927
452,Landcover-768930
453,Landcover-768934
454,Landcover-768937
455,Landcover-768945
456,Landcover-768951
457,Landcover-768955
458,Landcover-768961
459,Landcover-768969
460,Landcover-768983
461,Landcover-769000
462,Landcover-769015
463,Landcover-769019
464,Landcover-769024
465,Landcover-769026
466,Landcover-769031
467,Landcover-769046
468,Landcover-769048
469,Landcover-769065
470,Landcover-769074
471,Landcover-769082
472,Landcover-769085
473,Landcover-769092
474,Landcover-769096
475,Landcover-769104
476,Landcover-769110
477,Landcover-769119
478,Landcover-769123
479,Landcover-769132
480,Landcover-769145
481,Landcover-769157
482,Landcover-769158
483,Landcover-769161
484,Landcover-769168
485,Landcover-769183
486,Landcover-769186
487,Landcover-769190
488,Landcover-769191
489,Landcover-769196
490,Landcover-769201
491,Landcover-769202
492,Landcover-769203
493,Landcover-769210
494,Landcover-769212
495,Landcover-769227
496,Landcover-769240
497,Landcover-769241
498,Landcover-769245
499,Landcover-769246
500,Landcover-769259
501,Landcover-769283
502,Landcover-769284
503,Landcover-769296
504,Landcover-769300
505,Landcover-769305
506,Landcover-769308
507,Landcover-769312
508,Landcover-769313
509,Landcover-769317
510,Landcover-769321
511,Landcover-769323
512,Landcover-769325
513,Landcover-769326
514,Landcover-769329
515,Landcover-769333
516,Landcover-769347
517,Landcover-769356
518,Landcover-769361
519,Landcover-769369
520,Landcover-769378
521,Landcover-769387
522,Landcover-769404
523,Landcover-769418
524,Landcover-769428
525,Landcover-769446
526,Landcover-769452
527,Landcover-769464
528,Landcover-769472
529,Landcover-769473
530,Landcover-769482
531,Landcover-769486
532,Landcover-769492
533,Landcover-769501
534,Landcover-769502
535,Landcover-769506
536,Landcover-769514
537,Landcover-769524
538,Landcover-769527
539,Landcover-769529
540,Landcover-769539
541,Landcover-769563
542,Landcover-769567
543,Landcover-769585
544,Landcover-769598
545,Landcover-769603
546,Landcover-769614
547,Landcover-769617
548,Landcover-769621
549,Landcover-769627
550,Landcover-769629
551,Landcover-769641
552,Landcover-769647
553,Landcover-769662
554,Landcover-769666
555,Landcover-769669
556,Landcover-769673
557,Landcover-769675
558,Landcover-769676
559,Landcover-769685
560,Landcover-769706
561,Landcover-769715
562,Landcover-769720
563,Landcover-769752
564,Landcover-769754
565,Landcover-769757
566,Landcover-769766
567,Landcover-769772
568,Landcover-769781
569,Landcover-769793
570,Landcover-769795
571,Landcover-769800
572,Landcover-769809
573,Landcover-769811
574,Landcover-769830
575,Landcover-769837
576,Landcover-769844
577,Landcover-769848
578,Landcover-769850
579,Landcover-769851
580,Landcover-769852
581,Landcover-769855
582,Landcover-769859
583,Landcover-769862
584,Landcover-769874
585,Landcover-769876
586,Landcover-769879
587,Landcover-769881
588,Landcover-769902
589,Landcover-769921
590,Landcover-769928
591,Landcover-769931
592,Landcover-769944
593,Landcover-769947
594,Landcover-769948
595,Landcover-769949
596,Landcover-769950
597,Landcover-769954
598,Landcover-769966
599,Landcover-769970
600,Landcover-769978
601,Landcover-769979
602,Landcover-769981
603,Landcover-769991
604,Landcover-769997
605,Landcover-769999
606,Landcover-770000
607,Landcover-770005
608,Landcover-770006
609,Landcover-770013
610,Landcover-770019
611,Landcover-770021
612,Landcover-770023
613,Landcover-770024
614,Landcover-770025
615,Landcover-770031
616,Landcover-770032
617,Landcover-770033
618,Landcover-770046
619,Landcover-770048
620,Landcover-770063
621,Landcover-770075
622,Landcover-770080
623,Landcover-770085
624,Landcover-770096
625,Landcover-770099
626,Landcover-770101
627,Landcover-770115
628,Landcover-770137
629,Landcover-770154
630,Landcover-770156
631,Landcover-770157
632,Landcover-770160
633,Landcover-770165
634,Landcover-770166
635,Landcover-770170
636,Landcover-770179
637,Landcover-770186
638,Landcover-770190
639,Landcover-770198
640,Landcover-770201
641,Landcover-770203
642,Landcover-770206
643,Landcover-770220
644,Landcover-770233
645,Landcover-770236
646,Landcover-770251
647,Landcover-770255
648,Landcover-770263
649,Landcover-770265
650,Landcover-770267
651,Landcover-770280
652,Landcover-770288
653,Landcover-770313
654,Landcover-770317
655,Landcover-770323
656,Landcover-770326
657,Landcover-770330
658,Landcover-770347
659,Landcover-770352
660,Landcover-770355
661,Landcover-770359
662,Landcover-770370
663,Landcover-770371
664,Landcover-770381
665,Landcover-770383
666,Landcover-770384
667,Landcover-770387
668,Landcover-770388
669,Landcover-770391
670,Landcover-770393
671,Landcover-770397
672,Landcover-770403
673,Landcover-770409
674,Landcover-770421
675,Landcover-770428
676,Landcover-770431
677,Landcover-770441
678,Landcover-770444
679,Landcover-770446
680,Landcover-770448
681,Landcover-770453
682,Landcover-770459
683,Landcover-770474
684,Landcover-770484
685,Landcover-770495
686,Landcover-770506
687,Landcover-770507
688,Landcover-770509
689,Landcover-770516
690,Landcover-770525
691,Landcover-770529
692,Landcover-770541
693,Landcover-770543
694,Landcover-770544
695,Landcover-770555
696,Landcover-770556
697,Landcover-770557
698,Landcover-770564
699,Landcover-770572
700,Landcover-770574
701,Landcover-770580
702,Landcover-770582
703,Landcover-770583
704,Landcover-770586
705,Landcover-770588
706,Landcover-770591
707,Landcover-770594
708,Landcover-770595
709,Landcover-770597
710,Landcover-770606
711,Landcover-770611
712,Landcover-770614
713,Landcover-770617
714,Landcover-770621
715,Landcover-770624
716,Landcover-770626
717,Landcover-770627
718,Landcover-770630
719,Landcover-770641
720,Landcover-770643
721,Landcover-770650
722,Landcover-770656
723,Landcover-770707
724,Landcover-770709
725,Landcover-770715
726,Landcover-770723
727,Landcover-770726
728,Landcover-770728
729,Landcover-770730
730,Landcover-770735
731,Landcover-770738
732,Landcover-770743
733,Landcover-770748
734,Landcover-770753
735,Landcover-770774
736,Landcover-770776
737,Landcover-770794
738,Landcover-770797
739,Landcover-770802
740,Landcover-770806
741,Landcover-770840
742,Landcover-770845
743,Landcover-770846
744,Landcover-770855
745,Landcover-770872
746,Landcover-770884
747,Landcover-770886
748,Landcover-770888
749,Landcover-770889
750,Landcover-770893
751,Landcover-770902
752,Landcover-770919
753,Landcover-770920
754,Landcover-770937
755,Landcover-770940
756,Landcover-770954
757,Landcover-770957
758,Landcover-770964
759,Landcover-770976
760,Landcover-770989
761,Landcover-771042
762,Landcover-771052
763,Landcover-771059
764,Landcover-771067
765,Landcover-771074
766,Landcover-771094
767,Landcover-771131
768,Landcover-771134
769,Landcover-771139
770,Landcover-771142
771,Landcover-771145
772,Landcover-771156
773,Landcover-771157
774,Landcover-771158
775,Landcover-771178
776,Landcover-771200
777,Landcover-771211
778,Landcover-771231
779,Landcover-771250
780,Landcover-771259
781,Landcover-771267
782,Landcover-771270
783,Landcover-771273
784,Landcover-771274
785,Landcover-771275
786,Landcover-771287
787,Landcover-771293
788,Landcover-771300
789,Landcover-771310
790,Landcover-771315
791,Landcover-771322
792,Landcover-771333
793,Landcover-771336
794,Landcover-771339
795,Landcover-771344
796,Landcover-771348
797,Landcover-771354
798,Landcover-771355
799,Landcover-771368
800,Landcover-771385
801,Landcover-771389
802,Landcover-771396
803,Landcover-771400
804,Landcover-771406
805,Landcover-771411
806,Landcover-771419
807,Landcover-771425
808,Landcover-771433
809,Landcover-771435
810,Landcover-771442
811,Landcover-771443
812,Landcover-771451
813,Landcover-771455
814,Landcover-771461
815,Landcover-771464
816,Landcover-771477
817,Landcover-771480
818,Landcover-771484
819,Landcover-771485
820,Landcover-771489
821,Landcover-771497
822,Landcover-771501
823,Landcover-771513
824,Landcover-771521
825,Landcover-771531
826,Landcover-771536
827,Landcover-771547
828,Landcover-771550
829,Landcover-771557
830,Landcover-771559
831,Landcover-771571
832,Landcover-771593
833,Landcover-771598
834,Landcover-771599
835,Landcover-771602
836,Landcover-771606
837,Landcover-771612
838,Landcover-771622
839,Landcover-771624
840,Landcover-771631
841,Landcover-771634
842,Landcover-771636
843,Landcover-771655
844,Landcover-771663
845,Landcover-771664
846,Landcover-771667
847,Landcover-771671
848,Landcover-771686
849,Landcover-771703
850,Landcover-771704
851,Landcover-771712
852,Landcover-771717
853,Landcover-771724
854,Landcover-771725
855,Landcover-771738
856,Landcover-771743
857,Landcover-771757
858,Landcover-771770
859,Landcover-771779
860,Landcover-771785
861,Landcover-771787
862,Landcover-771794
863,Landcover-771799
864,Landcover-771808
865,Landcover-771812
866,Landcover-771816
867,Landcover-771818
868,Landcover-771819
869,Landcover-771823
870,Landcover-771830
871,Landcover-771837
872,Landcover-771838
873,Landcover-771839
874,Landcover-771842
875,Landcover-771848
876,Landcover-771857
877,Landcover-771858
878,Landcover-771859
879,Landcover-771867
880,Landcover-771883
881,Landcover-771889
882,Landcover-771892
883,Landcover-771896
884,Landcover-771898
885,Landcover-771901
886,Landcover-771933
887,Landcover-771936
888,Landcover-771950
889,Landcover-771965
890,Landcover-771975
891,Landcover-771981
892,Landcover-771984
893,Landcover-772003
894,Landcover-772023
895,Landcover-772026
896,Landcover-772032
897,Landcover-772033
898,Landcover-772052
899,Landcover-772053
900,Landcover-772055
901,Landcover-772058
902,Landcover-772063
903,Landcover-772074
904,Landcover-772076
905,Landcover-772078
906,Landcover-772089
907,Landcover-772092
908,Landcover-772098
909,Landcover-772101
910,Landcover-772105
911,Landcover-772106
912,Landcover-772107
913,Landcover-772117
914,Landcover-772161
915,Landcover-772165
916,Landcover-772167
917,Landcover-772171
918,Landcover-772174
919,Landcover-772194
920,Landcover-772217
921,Landcover-772218
922,Landcover-772224
923,Landcover-772226
924,Landcover-772227
925,Landcover-772240
926,Landcover-772248
927,Landcover-772255
928,Landcover-772262
929,Landcover-772280
930,Landcover-772287
931,Landcover-772293
932,Landcover-772299
933,Landcover-772300
934,Landcover-772309
935,Landcover-772310
936,Landcover-772315
937,Landcover-772326
938,Landcover-772328
939,Landcover-772334
940,Landcover-772339
941,Landcover-772344
942,Landcover-772345
943,Landcover-772349
944,Landcover-772361
945,Landcover-772363
946,Landcover-772365
947,Landcover-772373
948,Landcover-772390
949,Landcover-772399
950,Landcover-772407
951,Landcover-772416
952,Landcover-772421
953,Landcover-772423
954,Landcover-772431
955,Landcover-772433
956,Landcover-772444
957,Landcover-772458
958,Landcover-772459
959,Landcover-772475
960,Landcover-772489
961,Landcover-772492
962,Landcover-772493
963,Landcover-772495
964,Landcover-772514
965,Landcover-772518
966,Landcover-772533
967,Landcover-772549
968,Landcover-772556
969,Landcover-772561
970,Landcover-772567
971,Landcover-772568
972,Landcover-772577
973,Landcover-772593
974,Landcover-772597
975,Landcover-772599
976,Landcover-772601
977,Landcover-772608
978,Landcover-772609
979,Landcover-772615
980,Landcover-772618
981,Landcover-772632
982,Landcover-772634
983,Landcover-772640
984,Landcover-772641
985,Landcover-772652
986,Landcover-772654
987,Landcover-772676
988,Landcover-772691
989,Landcover-772693
990,Landcover-772697
991,Landcover-772717
992,Landcover-772720
993,Landcover-772747
994,Landcover-772753
995,Landcover-772755
996,Landcover-772763
997,Landcover-772780
998,Landcover-772784
999,Landcover-772786
1000,Landcover-772794
1001,Landcover-772796
1002,Landcover-772813
1003,Landcover-772841
1004,Landcover-772844
1005,Landcover-772855
1006,Landcover-772879
1007,Landcover-772893
1008,Landcover-772908
1009,Landcover-772918
1010,Landcover-772924
1011,Landcover-772948
1012,Landcover-772952
1013,Landcover-772953
1014,Landcover-772956
1015,Landcover-772967
1016,Landcover-772992
1017,Landcover-772999
1018,Landcover-773002
1019,Landcover-773029
1020,Landcover-773030
1021,Landcover-773037
1022,Landcover-773043
1023,Landcover-773047
1024,Landcover-773050
1025,Landcover-773057
1026,Landcover-773075
1027,Landcover-773079
1028,Landcover-773086
1029,Landcover-773088
1030,Landcover-773107
1031,Landcover-773119
1032,Landcover-773172
1033,Landcover-773176
1034,Landcover-773183
1035,Landcover-773185
1036,Landcover-773189
1037,Landcover-773190
1038,Landcover-773211
1039,Landcover-773213
1040,Landcover-773214
1041,Landcover-773215
1042,Landcover-773219
1043,Landcover-773225
1044,Landcover-773229
1045,Landcover-773233
1046,Landcover-773239
1047,Landcover-773243
1048,Landcover-773245
1049,Landcover-773246
1050,Landcover-773257
1051,Landcover-773260
1052,Landcover-773262
1053,Landcover-773264
1054,Landcover-773272
1055,Landcover-773283
1056,Landcover-773288
1057,Landcover-773298
1058,Landcover-773302
1059,Landcover-773306
1060,Landcover-773315
1061,Landcover-773316
1062,Landcover-773332
1063,Landcover-773334
1064,Landcover-773336
1065,Landcover-773359
1066,Landcover-773360
1067,Landcover-773363
1068,Landcover-773372
1069,Landcover-773380
1070,Landcover-773387
1071,Landcover-773401
1072,Landcover-773404
1073,Landcover-773405
1074,Landcover-773412
1075,Landcover-773427
1076,Landcover-773451
1077,Landcover-773454
1078,Landcover-773455
1079,Landcover-773460
1080,Landcover-773471
1081,Landcover-773481
1082,Landcover-773487
1083,Landcover-773492
1084,Landcover-773502
1085,Landcover-773504
1086,Landcover-773508
1087,Landcover-773516
1088,Landcover-773521
1089,Landcover-773522
1090,Landcover-773533
1091,Landcover-773552
1092,Landcover-773553
1093,Landcover-773556
1094,Landcover-773562
1095,Landcover-773567
1096,Landcover-773570
1097,Landcover-773576
1098,Landcover-773578
1099,Landcover-773580
1100,Landcover-773581
1101,Landcover-773585
1102,Landcover-773586
1103,Landcover-773589
1104,Landcover-773593
1105,Landcover-773594
1106,Landcover-773597
1107,Landcover-773610
1108,Landcover-773616
1109,Landcover-773628
1110,Landcover-773630
1111,Landcover-773635
1112,Landcover-773654
1113,Landcover-773655
1114,Landcover-773662
1115,Landcover-773669
1116,Landcover-773675
1117,Landcover-773681
1118,Landcover-773682
1119,Landcover-773686
1120,Landcover-773692
1121,Landcover-773695
1122,Landcover-773696
1123,Landcover-773697
1124,Landcover-773702
1125,Landcover-773705
1126,Landcover-773713
1127,Landcover-773715
1128,Landcover-773718
1129,Landcover-773723
1130,Landcover-773725
1131,Landcover-773732
1132,Landcover-773741
1133,Landcover-773745
1134,Landcover-773748
1135,Landcover-773755
1136,Landcover-773769
1137,Landcover-773775
1138,Landcover-773781
1139,Landcover-773792
1140,Landcover-773801
1141,Landcover-773821
1142,Landcover-773826
1143,Landcover-773831
1144,Landcover-773834
1145,Landcover-773835
1146,Landcover-773837
1147,Landcover-773838
1148,Landcover-773840
1149,Landcover-773841
1150,Landcover-773844
1151,Landcover-773845
1152,Landcover-773848
1153,Landcover-773857
1154,Landcover-773873
1155,Landcover-773898
1156,Landcover-773900
1157,Landcover-773903
1158,Landcover-773911
1159,Landcover-773920
1160,Landcover-773921
1161,Landcover-773927
1162,Landcover-773930
1163,Landcover-773931
1164,Landcover-773933
1165,Landcover-773939
1166,Landcover-773941
1167,Landcover-773959
1168,Landcover-773966
1169,Landcover-773980
1170,Landcover-773986
1171,Landcover-773990
1172,Landcover-773993
1173,Landcover-773997
1174,Landcover-774000
1175,Landcover-774002
1176,Landcover-774010
1177,Landcover-774014
1178,Landcover-774020
1179,Landcover-774021
1180,Landcover-774030
1181,Landcover-774031
1182,Landcover-774036
1183,Landcover-774042
1184,Landcover-774047
1185,Landcover-774048
1186,Landcover-774054
1187,Landcover-774063
1188,Landcover-774071
1189,Landcover-774076
1190,Landcover-774079
1191,Landcover-774089
1192,Landcover-774100
1193,Landcover-774102
1194,Landcover-774107
1195,Landcover-774122
1196,Landcover-774138
1197,Landcover-774139
1198,Landcover-774153
1199,Landcover-774161
1200,Landcover-774163
1201,Landcover-774167
1202,Landcover-774179
1203,Landcover-774182
1204,Landcover-774183
1205,Landcover-774200
1206,Landcover-774208
1207,Landcover-774217
1208,Landcover-774220
1209,Landcover-774225
1210,Landcover-774241
1211,Landcover-774250
1212,Landcover-774293
1213,Landcover-774297
1214,Landcover-774301
1215,Landcover-774303
1216,Landcover-774305
1217,Landcover-774319
1218,Landcover-774322
1219,Landcover-774333
1220,Landcover-774339
1221,Landcover-774345
1222,Landcover-774354
1223,Landcover-774361
1224,Landcover-774366
1225,Landcover-774372
1226,Landcover-774375
1227,Landcover-774413
1228,Landcover-774421
1229,Landcover-774432
1230,Landcover-774437
1231,Landcover-774443
1232,Landcover-774445
1233,Landcover-774458
1234,Landcover-774485
1235,Landcover-774497
1236,Landcover-774501
1237,Landcover-774502
1238,Landcover-774503
1239,Landcover-774519
1240,Landcover-774525
1241,Landcover-774535
1242,Landcover-774540
1243,Landcover-774559
1244,Landcover-774560
1245,Landcover-774574
1246,Landcover-774579
1247,Landcover-774587
1248,Landcover-774588
1249,Landcover-774602
1250,Landcover-774604
1251,Landcover-774609
1252,Landcover-774615
1253,Landcover-774616
1254,Landcover-774629
1255,Landcover-774630
1256,Landcover-774632
1257,Landcover-774662
1258,Landcover-774665
1259,Landcover-774680
1260,Landcover-774708
1261,Landcover-774709
1262,Landcover-774719
1263,Landcover-774720
1264,Landcover-774721
1265,Landcover-774726
1266,Landcover-774731
1267,Landcover-774733
1268,Landcover-774736
1269,Landcover-774739
1270,Landcover-774745
1271,Landcover-774749
1272,Landcover-774756
1273,Landcover-774759
1274,Landcover-774761
1275,Landcover-774768
1276,Landcover-774771
1277,Landcover-774775
1278,Landcover-774777
1279,Landcover-774778
1280,Landcover-774783
1281,Landcover-774803
1282,Landcover-774804
1283,Landcover-774806
1284,Landcover-774807
1285,Landcover-774812
1286,Landcover-774823
1287,Landcover-774841
1288,Landcover-774852
1289,Landcover-774854
1290,Landcover-774869
1291,Landcover-774871
1292,Landcover-774886
1293,Landcover-774887
1294,Landcover-774892
1295,Landcover-774895
1296,Landcover-774896
1297,Landcover-774915
1298,Landcover-774916
1299,Landcover-774922
1300,Landcover-774926
1301,Landcover-774947
1302,Landcover-774948
1303,Landcover-774957
1304,Landcover-774962
1305,Landcover-774966
1306,Landcover-774972
1307,Landcover-774990
1308,Landcover-774998
1309,Landcover-774999
1310,Landcover-775000
1311,Landcover-775001
1312,Landcover-775003
1313,Landcover-775014
1314,Landcover-775021
1315,Landcover-775038
1316,Landcover-775047
1317,Landcover-775048
1318,Landcover-775055
1319,Landcover-775063
1320,Landcover-775074
1321,Landcover-775085
1322,Landcover-775092
1323,Landcover-775094
1324,Landcover-775096
1325,Landcover-775098
1326,Landcover-775100
1327,Landcover-775101
1328,Landcover-775110
1329,Landcover-775113
1330,Landcover-775135
1331,Landcover-775145
1332,Landcover-775157
1333,Landcover-775168
1334,Landcover-775170
1335,Landcover-775177
1336,Landcover-775179
1337,Landcover-775188
1338,Landcover-775211
1339,Landcover-775215
1340,Landcover-775216
1341,Landcover-775223
1342,Landcover-775229
1343,Landcover-775235
1344,Landcover-775236
1345,Landcover-775242
1346,Landcover-775251
1347,Landcover-775252
1348,Landcover-775261
1349,Landcover-775262
1350,Landcover-775289
1351,Landcover-775299
1352,Landcover-775300
1353,Landcover-775303
1354,Landcover-775308
1355,Landcover-775313
1356,Landcover-775321
1357,Landcover-775327
1358,Landcover-775341
1359,Landcover-775345
1360,Landcover-775346
1361,Landcover-775347
1362,Landcover-775350
1363,Landcover-775359
1364,Landcover-775372
1365,Landcover-775380
1366,Landcover-775382
1367,Landcover-775383
1368,Landcover-775385
1369,Landcover-775404
1370,Landcover-775426
1371,Landcover-775432
1372,Landcover-775435
1373,Landcover-775437
1374,Landcover-775438
1375,Landcover-775440
1376,Landcover-775446
1377,Landcover-775449
1378,Landcover-775453
1379,Landcover-775458
1380,Landcover-775469
1381,Landcover-775473
1382,Landcover-775475
1383,Landcover-775488
1384,Landcover-775489
1385,Landcover-775511
1386,Landcover-775513
1387,Landcover-775516
1388,Landcover-775518
1389,Landcover-775521
1390,Landcover-775524
1391,Landcover-775527
1392,Landcover-775530
1393,Landcover-775538
1394,Landcover-775545
1395,Landcover-775554
1396,Landcover-775555
1397,Landcover-775560
1398,Landcover-775562
1399,Landcover-775563
1400,Landcover-775566
1401,Landcover-775577
1402,Landcover-775579
1403,Landcover-775582
1404,Landcover-775583
1405,Landcover-775604
1406,Landcover-775605
1407,Landcover-775612
1408,Landcover-775617
1409,Landcover-775619
1410,Landcover-775630
1411,Landcover-775635
1412,Landcover-775637
1413,Landcover-775640
1414,Landcover-775645
1415,Landcover-775651
1416,Landcover-775655
1417,Landcover-775659
1418,Landcover-775660
1419,Landcover-775663
1420,Landcover-775664
1421,Landcover-775665
1422,Landcover-775670
1423,Landcover-775674
1424,Landcover-775678
1425,Landcover-775683
1426,Landcover-775685
1427,Landcover-775686
1428,Landcover-775706
1429,Landcover-775707
1430,Landcover-775721
1431,Landcover-775723
1432,Landcover-775726
1433,Landcover-775729
1434,Landcover-775760
1435,Landcover-775761
1436,Landcover-775765
1437,Landcover-775766
1438,Landcover-775774
1439,Landcover-775779
1440,Landcover-775780
1441,Landcover-775781
1442,Landcover-775795
1443,Landcover-775796
1444,Landcover-775816
1445,Landcover-775818
1446,Landcover-775819
1447,Landcover-775824
1448,Landcover-775828
1449,Landcover-775837
1450,Landcover-775838
1451,Landcover-775840
1452,Landcover-775845
1453,Landcover-775847
1454,Landcover-775853
1455,Landcover-775859
1456,Landcover-775881
1457,Landcover-775887
1458,Landcover-775903
1459,Landcover-775912
1460,Landcover-775913
1461,Landcover-775922
1462,Landcover-775932
1463,Landcover-775942
1464,Landcover-775946
1465,Landcover-775958
1466,Landcover-775963
1467,Landcover-775976
1468,Landcover-775981
1469,Landcover-775990
1470,Landcover-776002
1471,Landcover-776008
1472,Landcover-776011
1473,Landcover-776017
1474,Landcover-776022
1475,Landcover-776027
1476,Landcover-776040
1477,Landcover-776046
1478,Landcover-776048
1479,Landcover-776052
1480,Landcover-776054
1481,Landcover-776059
1482,Landcover-776060
1483,Landcover-776074
1484,Landcover-776079
1485,Landcover-776084
1486,Landcover-776098
1487,Landcover-776106
1488,Landcover-776120
1489,Landcover-776129
1490,Landcover-776133
1491,Landcover-776143
1492,Landcover-776152
1493,Landcover-776153
1494,Landcover-776164
1495,Landcover-776166
1496,Landcover-776183
1497,Landcover-776185
1498,Landcover-776197
1499,Landcover-776198
1500,Landcover-776204
1501,Landcover-776211
1502,Landcover-776216
1503,Landcover-776220
1504,Landcover-776224
1505,Landcover-776226
1506,Landcover-776227
1507,Landcover-776231
1508,Landcover-776232
1509,Landcover-776234
1510,Landcover-776238
1511,Landcover-776251
1512,Landcover-776260
1513,Landcover-776262
1514,Landcover-776275
1515,Landcover-776291
1516,Landcover-776295
1517,Landcover-776300
1518,Landcover-776306
1519,Landcover-776309
1520,Landcover-776311
1521,Landcover-776314
1522,Landcover-776318
1523,Landcover-776321
1524,Landcover-776327
1525,Landcover-776329
1526,Landcover-776332
1527,Landcover-776333
1528,Landcover-776335
1529,Landcover-776336
1530,Landcover-776340
1531,Landcover-776343
1532,Landcover-776349
1533,Landcover-776353
1534,Landcover-776375
1535,Landcover-776385
1536,Landcover-776388
1537,Landcover-776390
1538,Landcover-776397
1539,Landcover-776398
1540,Landcover-776399
1541,Landcover-776403
1542,Landcover-776416
1543,Landcover-776424
1544,Landcover-776430
1545,Landcover-776445
1546,Landcover-776455
1547,Landcover-776458
1548,Landcover-776460
1549,Landcover-776465
1550,Landcover-776480
1551,Landcover-776489
1552,Landcover-776491
1553,Landcover-776493
1554,Landcover-776517
1555,Landcover-776519
1556,Landcover-776526
1557,Landcover-776527
1558,Landcover-776533
1559,Landcover-776534
1560,Landcover-776535
1561,Landcover-776539
1562,Landcover-776553
1563,Landcover-776562
1564,Landcover-776564
1565,Landcover-776566
1566,Landcover-776576
1567,Landcover-776579
1568,Landcover-776597
1569,Landcover-776598
1570,Landcover-776602
1571,Landcover-776611
1572,Landcover-776629
1573,Landcover-776636
1574,Landcover-776641
1575,Landcover-776648
1576,Landcover-776649
1577,Landcover-776657
1578,Landcover-776662
1579,Landcover-776663
1580,Landcover-776667
1581,Landcover-776686
1582,Landcover-776690
1583,Landcover-776695
1584,Landcover-776704
1585,Landcover-776710
1586,Landcover-776711
1587,Landcover-776712
1588,Landcover-776729
1589,Landcover-776738
1590,Landcover-776752
1591,Landcover-776756
1592,Landcover-776759
1593,Landcover-776763
1594,Landcover-776765
1595,Landcover-776774
1596,Landcover-776780
1597,Landcover-776781
1598,Landcover-776784
1599,Landcover-776785
1600,Landcover-776787
1601,Landcover-776788
1602,Landcover-776801
1603,Landcover-776812
1604,Landcover-776815
1605,Landcover-776823
1606,Landcover-776824
1607,Landcover-776829
1608,Landcover-776837
1609,Landcover-776838
1610,Landcover-776846
1611,Landcover-776852
1612,Landcover-776864
1613,Landcover-776873
1614,Landcover-776895
1615,Landcover-776898
1616,Landcover-776902
1617,Landcover-776905
1618,Landcover-776914
1619,Landcover-776918
1620,Landcover-776921
1621,Landcover-776929
1622,Landcover-776932
1623,Landcover-776948
1624,Landcover-776952
1625,Landcover-776955
1626,Landcover-776957
1627,Landcover-776960
1628,Landcover-776961
1629,Landcover-776965
1630,Landcover-776973
1631,Landcover-776984
1632,Landcover-776989
1633,Landcover-776992
1634,Landcover-776993
1635,Landcover-776999
1636,Landcover-777013
1637,Landcover-777021
1638,Landcover-777024
1639,Landcover-777026
1640,Landcover-777031
1641,Landcover-777048
1642,Landcover-777049
1643,Landcover-777056
1644,Landcover-777060
1645,Landcover-777074
1646,Landcover-777078
1647,Landcover-777079
1648,Landcover-777080
1649,Landcover-777081
1650,Landcover-777095
1651,Landcover-777099
1652,Landcover-777101
1653,Landcover-777114
1654,Landcover-777118
1655,Landcover-777159
1656,Landcover-777162
1657,Landcover-777163
1658,Landcover-777165
1659,Landcover-777169
1660,Landcover-777174
1661,Landcover-777175
1662,Landcover-777177
1663,Landcover-777179
1664,Landcover-777210
1665,Landcover-777225
1666,Landcover-777228
1667,Landcover-777229
1668,Landcover-777231
1669,Landcover-777239
1670,Landcover-777240
1671,Landcover-777247
1672,Landcover-777248
1673,Landcover-777254
1674,Landcover-777264
1675,Landcover-777269
1676,Landcover-777301
1677,Landcover-777302
1678,Landcover-777310
1679,Landcover-777313
1680,Landcover-777318
1681,Landcover-777323
1682,Landcover-777327
1683,Landcover-777340
1684,Landcover-777344
1685,Landcover-777348
1686,Landcover-777349
1687,Landcover-777350
1688,Landcover-777358
1689,Landcover-777366
1690,Landcover-777370
1691,Landcover-777372
1692,Landcover-777377
1693,Landcover-777387
1694,Landcover-777402
1695,Landcover-777404
1696,Landcover-777410
1697,Landcover-777412
1698,Landcover-777414
1699,Landcover-777416
1700,Landcover-777422
1701,Landcover-777424
1702,Landcover-777426
1703,Landcover-777432
1704,Landcover-777447
1705,Landcover-777454
1706,Landcover-777475
1707,Landcover-777477
1708,Landcover-777479
1709,Landcover-777480
1710,Landcover-777481
1711,Landcover-777494
1712,Landcover-777507
1713,Landcover-777516
1714,Landcover-777518
1715,Landcover-777527
1716,Landcover-777531
1717,Landcover-777536
1718,Landcover-777537
1719,Landcover-777541
1720,Landcover-777542
1721,Landcover-777556
1722,Landcover-777576
1723,Landcover-777588
1724,Landcover-777602
1725,Landcover-777618
1726,Landcover-777620
1727,Landcover-777624
1728,Landcover-777627
1729,Landcover-777635
1730,Landcover-777653
1731,Landcover-777654
1732,Landcover-777656
1733,Landcover-777663
1734,Landcover-777666
1735,Landcover-777673
1736,Landcover-777677
1737,Landcover-777678
1738,Landcover-777684
1739,Landcover-777689
1740,Landcover-777691
1741,Landcover-777700
1742,Landcover-777701
1743,Landcover-777703
1744,Landcover-777712
1745,Landcover-777713
1746,Landcover-777718
1747,Landcover-777722
1748,Landcover-777736
1749,Landcover-777739
1750,Landcover-777744
1751,Landcover-777760
1752,Landcover-777766
1753,Landcover-777778
1754,Landcover-777781
1755,Landcover-777786
1756,Landcover-777801
1757,Landcover-777803
1758,Landcover-777808
1759,Landcover-777817
1760,Landcover-777832
1761,Landcover-777835
1762,Landcover-777850
1763,Landcover-777857
1764,Landcover-777863
1765,Landcover-777872
1766,Landcover-777875
1767,Landcover-777876
1768,Landcover-777882
1769,Landcover-777892
1770,Landcover-777893
1771,Landcover-777897
1772,Landcover-777907
1773,Landcover-777908
1774,Landcover-777916
1775,Landcover-777933
1776,Landcover-777938
1777,Landcover-777946
1778,Landcover-777953
1779,Landcover-777955
1780,Landcover-777962
1781,Landcover-777985
1782,Landcover-777988
1783,Landcover-777995
1784,Landcover-777998
1785,Landcover-778004
1786,Landcover-778009
1787,Landcover-778022
1788,Landcover-778027
1789,Landcover-778033
1790,Landcover-778039
1791,Landcover-778043
1792,Landcover-778052
1793,Landcover-778057
1794,Landcover-778059
1795,Landcover-778065
1796,Landcover-778073
1797,Landcover-778080
1798,Landcover-778089
1799,Landcover-778091
1800,Landcover-778102
1801,Landcover-778106
1802,Landcover-778108
1803,Landcover-778116
1804,Landcover-778120
1805,Landcover-778124
1806,Landcover-778133
1807,Landcover-778143
1808,Landcover-778154
1809,Landcover-778157
1810,Landcover-778162
1811,Landcover-778163
1812,Landcover-778167
1813,Landcover-778168
1814,Landcover-778174
1815,Landcover-778178
1816,Landcover-778183
1817,Landcover-778186
1818,Landcover-778191
1819,Landcover-778202
1820,Landcover-778212
1821,Landcover-778229
1822,Landcover-778242
1823,Landcover-778248
1824,Landcover-778249
1825,Landcover-778282
1826,Landcover-778290
1827,Landcover-778293
1828,Landcover-778294
1829,Landcover-778305
1830,Landcover-778328
1831,Landcover-778340
1832,Landcover-778341
1833,Landcover-778345
1834,Landcover-778346
1835,Landcover-778349
1836,Landcover-778356
1837,Landcover-778367
1838,Landcover-778369
1839,Landcover-778382
1840,Landcover-778388
1841,Landcover-778391
1842,Landcover-778394
1843,Landcover-778396
1844,Landcover-778407
1845,Landcover-778410
1846,Landcover-778411
1847,Landcover-778419
1848,Landcover-778433
1849,Landcover-778463
1850,Landcover-778469
1851,Landcover-778476
1852,Landcover-778489
1853,Landcover-778491
1854,Landcover-778499
1855,Landcover-778521
1856,Landcover-778523
1857,Landcover-778530
1858,Landcover-778534
1859,Landcover-778535
1860,Landcover-778539
1861,Landcover-778542
1862,Landcover-778549
1863,Landcover-778551
1864,Landcover-778552
1865,Landcover-778554
1866,Landcover-778557
1867,Landcover-778573
1868,Landcover-778579
1869,Landcover-778587
1870,Landcover-778627
1871,Landcover-778632
1872,Landcover-778634
1873,Landcover-778663
1874,Landcover-778683
1875,Landcover-778687
1876,Landcover-778689
1877,Landcover-778715
1878,Landcover-778717
1879,Landcover-778723
1880,Landcover-778731
1881,Landcover-778743
1882,Landcover-778756
1883,Landcover-778775
1884,Landcover-778776
1885,Landcover-779287
1886,Landcover-783591
1887,Landcover-785992
1888,Landcover-790009
1889,Landcover-790719
1890,Landcover-790784
1891,Landcover-790888
1892,Landcover-791283
1893,Landcover-793085
1894,Landcover-793637
1895,Landcover-795169
1896,Landcover-797000
1897,Landcover-799882
1898,Landcover-800507
1899,Landcover-801291
1900,Landcover-801463
1901,Landcover-801984
1902,Landcover-802701
1903,Landcover-803731
1904,Landcover-805118
1905,Landcover-805418
1906,Landcover-806052
1907,Landcover-806708
1908,Landcover-807640
1909,Landcover-812305
1910,Landcover-813579
1911,Landcover-816178
1912,Landcover-817333
1913,Landcover-817664
1914,Landcover-818580
1915,Landcover-822338
1916,Landcover-822906
1917,Landcover-823696
1918,Landcover-826131
1919,Landcover-827855
1920,Landcover-830181
1921,Landcover-836934
1922,Landcover-841682
1923,Landcover-842467
1924,Landcover-843523
1925,Landcover-846347
1926,Landcover-848098
1927,Landcover-849673
1928,Landcover-854301
1929,Landcover-856745
1930,Landcover-858596
1931,Landcover-864892
1932,Landcover-868810
1933,Landcover-871192
1934,Landcover-876184
1935,Landcover-878254
1936,Landcover-888505
1937,Landcover-889538
1938,Landcover-890848
1939,Landcover-891395
1940,Landcover-892146
1941,Landcover-892835
1942,Landcover-894223
1943,Landcover-894532
1944,Landcover-896994
1945,Landcover-898682
1946,Landcover-906415
1947,Landcover-909687
1948,Landcover-911245
1949,Landcover-913388
1950,Landcover-914091
1951,Landcover-921966
1952,Landcover-926949
1953,Landcover-927486
1954,Landcover-929039
1955,Landcover-934632
1956,Landcover-936484
1957,Landcover-936725
1958,Landcover-936894
1959,Landcover-936904
1960,Landcover-941773
1961,Landcover-942166
1962,Landcover-942569
1963,Landcover-949534
1964,Landcover-955196
1965,Landcover-955740
1966,Landcover-955960
1967,Landcover-958598
1968,Landcover-960901
1969,Landcover-968340
1970,Landcover-972287
1971,Landcover-975316
1972,Landcover-983333
1973,Landcover-989288
1974,Landcover-990382
1975,Landcover-995043
1976,Landcover-1000781
1977,Landcover-1001391
1978,Landcover-1005122
1979,Landcover-1005247
1980,Landcover-1005683
1981,Landcover-1007588
1982,Landcover-1012195
1983,Landcover-1015249
1984,Landcover-1017400
1985,Landcover-1023735
1986,Landcover-1034296
1987,Landcover-1041077
1988,Landcover-1043012
1989,Landcover-1044301
1990,Landcover-1050212
1991,Landcover-1051941
1992,Landcover-1054340
1993,Landcover-1054446
1994,Landcover-1054447
1995,Landcover-1054640
1996,Landcover-1055121
1997,Landcover-1055261
1998,Landcover-1055524
1999,Landcover-1055616
2000,Landcover-1055619
2001,Landcover-1055780
2002,Landcover-1056030
2003,Landcover-1056204
2004,Landcover-1056809
2005,Landcover-1057196
2006,Landcover-1058565
2007,Landcover-1060086
2008,Landcover-1061179
2009,Landcover-1062079
2010,Landcover-1062091
2011,Landcover-1062315
2012,Landcover-1067341
2013,Landcover-1076748
2014,Landcover-1081723
2015,Landcover-1082059
2016,Landcover-1085003
2017,Landcover-1088712
2018,Landcover-1089746
2019,Landcover-1089999
2020,Landcover-1090136
2021,Landcover-1092105
2022,Landcover-1092951
2023,Landcover-1095901
2024,Landcover-1099917
2025,Landcover-1103713
2026,Landcover-1105538
2027,Landcover-1105578
2028,Landcover-1105813
2029,Landcover-1107665
2030,Landcover-1109726
2031,Landcover-1109896
2032,Landcover-1110216
2033,Landcover-1115285
2034,Landcover-1119525
2035,Landcover-1125298
2036,Landcover-1125667
2037,Landcover-1131528
2038,Landcover-1133173
2039,Landcover-1135711
2040,Landcover-1141448
2041,Landcover-1144627
2042,Landcover-1151515
2043,Landcover-1153788
2044,Landcover-1153797
2045,Landcover-1157702
2046,Landcover-1163303
2047,Landcover-1164740
2048,Landcover-1172863
2049,Landcover-1173023
2050,Landcover-1174386
2051,Landcover-1175919
2052,Landcover-1177166
2053,Landcover-1177375
2054,Landcover-1177737
2055,Landcover-1179579
2056,Landcover-1187358
2057,Landcover-1193948
2058,Landcover-1194061
2059,Landcover-1195578
2060,Landcover-1196043
2061,Landcover-1197710
2062,Landcover-1203714
2063,Landcover-1206068
2064,Landcover-1208960
2065,Landcover-1210235
2066,Landcover-1216264
2067,Landcover-1216427
2068,Landcover-1217802
2069,Landcover-1219432
2070,Landcover-1220068
2071,Landcover-1220962
2072,Landcover-1222077
2073,Landcover-1223688
2074,Landcover-1227257
2075,Landcover-1235759
2076,Landcover-1241820
2077,Landcover-1244624
2078,Landcover-1245521
2079,Landcover-1247328
2080,Landcover-1247682
2081,Landcover-1248348
2082,Landcover-1248470
2083,Landcover-1249396
2084,Landcover-1250454
2085,Landcover-1250546
2086,Landcover-1251767
2087,Landcover-1252270
2088,Landcover-1253880
2089,Landcover-1265701
2090,Landcover-1266451
2091,Landcover-1266589
2092,Landcover-1268967
2093,Landcover-1270452
2094,Landcover-1272027
2095,Landcover-1274598
2096,Landcover-1282806
2097,Landcover-1282897
2098,Landcover-1286593
2099,Landcover-1287118
2100,Landcover-1293488
2101,Landcover-1294842
2102,Landcover-1295513
2103,Landcover-1295678
2104,Landcover-1300482
2105,Landcover-1301708
2106,Landcover-1301729
2107,Landcover-1302319
2108,Landcover-1304310
2109,Landcover-1306348
2110,Landcover-1306378
2111,Landcover-1310370
2112,Landcover-1311202
2113,Landcover-1315299
2114,Landcover-1316418
2115,Landcover-1316463
2116,Landcover-1317815
2117,Landcover-1318737
2118,Landcover-1320285
2119,Landcover-1321867
2120,Landcover-1323880
2121,Landcover-1324392
2122,Landcover-1327487
2123,Landcover-1329144
2124,Landcover-1332292
2125,Landcover-1333668
2126,Landcover-1336326
2127,Landcover-1337578
2128,Landcover-1339025
2129,Landcover-1339590
2130,Landcover-1341591
2131,Landcover-1344679
2132,Landcover-1350235
2133,Landcover-1351136
2134,Landcover-1353156
2135,Landcover-1353495
2136,Landcover-1354112
2137,Landcover-1354463
2138,Landcover-1354585
2139,Landcover-1355398
2140,Landcover-1356262
2141,Landcover-1359029
2142,Landcover-1361058
2143,Landcover-1362414
2144,Landcover-1363149
2145,Landcover-1363564
2146,Landcover-1364026
2147,Landcover-1366985
2148,Landcover-1370300
2149,Landcover-1370371
2150,Landcover-1370395
2151,Landcover-1371026
2152,Landcover-1371274
2153,Landcover-1372406
2154,Landcover-1374848
2155,Landcover-1377171
2156,Landcover-1378768
2157,Landcover-1380119
2158,Landcover-1386573
2159,Landcover-1392962
2160,Landcover-1395263
2161,Landcover-1397126
2162,Landcover-1398109
2163,Landcover-1399169
2164,Landcover-1403893
2165,Landcover-1409794
2166,Landcover-1410900
2167,Landcover-1414401
2168,Landcover-1416619
2169,Landcover-1417431
2170,Landcover-1418799
2171,Landcover-1419458
2172,Landcover-1423442
2173,Landcover-1425149
2174,Landcover-1425791
2175,Landcover-1425813
2176,Landcover-1430012
2177,Landcover-1434114
2178,Landcover-1436463
2179,Landcover-1437131
2180,Landcover-1443247
2181,Landcover-1454245
2182,Landcover-1455806
2183,Landcover-1455963
2184,Landcover-1456982
2185,Landcover-1458476
2186,Landcover-1461678
2187,Landcover-1462584
2188,Landcover-1463609
2189,Landcover-1464961
2190,Landcover-1466184
2191,Landcover-1472914
2192,Landcover-1475216
2193,Landcover-1479372
2194,Landcover-1494031
2195,Landcover-1494828
2196,Landcover-1497211
2197,Landcover-1503213
2198,Landcover-1509008
2199,Landcover-1511438
2200,Landcover-1518934
2201,Landcover-1522342
2202,Landcover-1527559
2203,Landcover-1530223
2204,Landcover-1531455
2205,Landcover-1534788
2206,Landcover-1536263
2207,Landcover-1537543
2208,Landcover-1538664
2209,Landcover-1543758
2210,Landcover-1545657
2211,Landcover-1550129
2212,Landcover-1555657
2213,Landcover-1560392
2214,Landcover-1561223
2215,Landcover-1562130
2216,Landcover-1562332
2217,Landcover-1562422
2218,Landcover-1563992
2219,Landcover-1568682
2220,Landcover-1568936
2221,Landcover-1575869
2222,Landcover-1576149
2223,Landcover-1576589
2224,Landcover-1577137
2225,Landcover-1579267
2226,Landcover-1580035
2227,Landcover-1587484
2228,Landcover-1588648
2229,Landcover-1588923
2230,Landcover-1589243
2231,Landcover-1593978
2232,Landcover-1595976
2233,Landcover-1600729
2234,Landcover-1607491
2235,Landcover-1609132
2236,Landcover-1609250
2237,Landcover-1611190
2238,Landcover-1616830
2239,Landcover-1617369
2240,Landcover-1617643
2241,Landcover-1618498
2242,Landcover-1620763
2243,Landcover-1623813
2244,Landcover-1625131
2245,Landcover-1626399
2246,Landcover-1627034
2247,Landcover-1629417
2248,Landcover-1629935
2249,Landcover-1630383
2250,Landcover-1633085
2251,Landcover-1633929
2252,Landcover-1634113
2253,Landcover-1636716
2254,Landcover-1636764
2255,Landcover-1636988
2256,Landcover-1637140
2257,Landcover-1637587
2258,Landcover-1637836
2259,Landcover-1638131
2260,Landcover-1638730
2261,Landcover-1639747
2262,Landcover-1640238
2263,Landcover-1640857
2264,Landcover-1642096
2265,Landcover-1642140
2266,Landcover-1643038
2267,Landcover-1643186
2268,Landcover-1646385
2269,Landcover-1647053
2270,Landcover-1649331
2271,Landcover-1650482
2272,Landcover-1654533
2273,Landcover-1656624
2274,Landcover-1657071
2275,Landcover-1659564
2276,Landcover-1663127
2277,Landcover-1665000
2278,Landcover-1666825
2279,Landcover-1669096
2280,Landcover-1670545
2281,Landcover-1671533
2282,Landcover-1673775
2283,Landcover-1677052
2284,Landcover-1679823
2285,Landcover-1680289
2286,Landcover-1682404
2287,Landcover-1684377
2288,Landcover-1685760
2289,Landcover-1686315
2290,Landcover-1690489
2291,Landcover-1696712
2292,Landcover-1696774
2293,Landcover-1701528
2294,Landcover-1701757
2295,Landcover-1702966
2296,Landcover-1703250
2297,Landcover-1708142
2298,Landcover-1710025
2299,Landcover-1711108
2300,Landcover-1712318
2301,Landcover-1717158
2302,Landcover-1718559
2303,Landcover-1718782
2304,Landcover-1718956
2305,Landcover-1726708
2306,Landcover-1726777
2307,Landcover-1727740
2308,Landcover-1730939
2309,Landcover-1733540
2310,Landcover-1733908
2311,Landcover-1736070
2312,Landcover-1738487
2313,Landcover-1739837
2314,Landcover-1742289
2315,Landcover-1744069
2316,Landcover-1745317
2317,Landcover-1745548
2318,Landcover-1747043
2319,Landcover-1749328
2320,Landcover-1750984
2321,Landcover-1754802
2322,Landcover-1755129
2323,Landcover-1756350
2324,Landcover-1756610
2325,Landcover-1762395
2326,Landcover-1770139
2327,Landcover-1770367
2328,Landcover-1772198
2329,Landcover-1772350
2330,Landcover-1774388
2331,Landcover-1775852
2332,Landcover-1777193
2333,Landcover-1778310
2334,Landcover-1778469
2335,Landcover-1783140
2336,Landcover-1784876
2337,Landcover-1785605
2338,Landcover-1788393
2339,Landcover-1788464
2340,Landcover-1788547
2341,Landcover-1788571
2342,Landcover-1788688
2343,Landcover-1790894
2344,Landcover-1791894
2345,Landcover-1792913
2346,Landcover-1793613
2347,Landcover-1796941
2348,Landcover-1797549
2349,Landcover-1802405
2350,Landcover-1802539
2351,Landcover-1804514
2352,Landcover-1805100
2353,Landcover-1807085
2354,Landcover-1810995
2355,Landcover-1813749
2356,Landcover-1817915
2357,Landcover-1820617
2358,Landcover-1825196
2359,Landcover-1825428
2360,Landcover-1825468
2361,Landcover-1829255
2362,Landcover-1831525
2363,Landcover-1832865
2364,Landcover-1833184
2365,Landcover-1833412
2366,Landcover-1839842
2367,Landcover-1840240
2368,Landcover-1843261
2369,Landcover-1845463
2370,Landcover-1846975
2371,Landcover-1847574
2372,Landcover-1850169
2373,Landcover-1851542
2374,Landcover-1851799
2375,Landcover-1852906
2376,Landcover-1854180
2377,Landcover-1858289
2378,Landcover-1858917
2379,Landcover-1858920
2380,Landcover-1859860
2381,Landcover-1861245
2382,Landcover-1862170
2383,Landcover-1863564
2384,Landcover-1863947
2385,Landcover-1864471
2386,Landcover-1864782
2387,Landcover-1865521
2388,Landcover-1865542
2389,Landcover-1872536
2390,Landcover-1873362
2391,Landcover-1876321
2392,Landcover-1877569
2393,Landcover-1878855
2394,Landcover-1880212
2395,Landcover-1880628
2396,Landcover-1880994
2397,Landcover-1882030
2398,Landcover-1882765
2399,Landcover-1883555
2400,Landcover-1885518
2401,Landcover-1887315
2402,Landcover-1887341
2403,Landcover-1888396
2404,Landcover-1889147
